"Actual","Predicted","_defaultColorIndex","id","nPredictions","name"
"background","background","10","t1uwd7u4","0","test_biomed_1024_aug10"
"background","tree","10","t1uwd7u4","459","test_biomed_1024_aug10"
"tree","background","10","t1uwd7u4","126","test_biomed_1024_aug10"
"tree","tree","10","t1uwd7u4","364","test_biomed_1024_aug10"
"background","background","9","pfn8bcg3","0","test_biomed_2048_aug10"
"background","tree","9","pfn8bcg3","535","test_biomed_2048_aug10"
"tree","background","9","pfn8bcg3","261","test_biomed_2048_aug10"
"tree","tree","9","pfn8bcg3","254","test_biomed_2048_aug10"
"background","background","9","bzqhctqx","1996","test_biomed_128_aug10"
"background","tree","9","bzqhctqx","1450","test_biomed_128_aug10"
"tree","background","9","bzqhctqx","107","test_biomed_128_aug10"
"tree","tree","9","bzqhctqx","382","test_biomed_128_aug10"
"background","background","8","9ahe5edb","780","test_biomed_192_aug10"
"background","tree","8","9ahe5edb","541","test_biomed_192_aug10"
"tree","background","8","9ahe5edb","229","test_biomed_192_aug10"
"tree","tree","8","9ahe5edb","250","test_biomed_192_aug10"
"background","background","7","gi5z0uyz","272","test_biomed_256_aug10"
"background","tree","7","gi5z0uyz","492","test_biomed_256_aug10"
"tree","background","7","gi5z0uyz","215","test_biomed_256_aug10"
"tree","tree","7","gi5z0uyz","272","test_biomed_256_aug10"
"background","background","6","6zp3huuj","58","test_biomed_384_aug10"
"background","tree","6","6zp3huuj","289","test_biomed_384_aug10"
"tree","background","6","6zp3huuj","220","test_biomed_384_aug10"
"tree","tree","6","6zp3huuj","258","test_biomed_384_aug10"
"background","background","5","m6vh3ak4","8","test_biomed_512_aug10"
"background","tree","5","m6vh3ak4","257","test_biomed_512_aug10"
"tree","background","5","m6vh3ak4","208","test_biomed_512_aug10"
"tree","tree","5","m6vh3ak4","285","test_biomed_512_aug10"